/*
 Navicat Premium Data Transfer

 Source Server         : restaurant
 Source Server Type    : MySQL
 Source Server Version : 80019
 Source Host           : ikarosx.cn:3307
 Source Schema         : restaurant

 Target Server Type    : MySQL
 Target Server Version : 80019
 File Encoding         : 65001

 Date: 25/07/2020 16:43:46
*/

SET NAMES utf8mb4;
SET FOREIGN_KEY_CHECKS = 0;

-- ----------------------------
-- Table structure for menu
-- ----------------------------
DROP TABLE IF EXISTS `menu`;
CREATE TABLE `menu`  (
  `id` varchar(64) CHARACTER SET utf8mb4 COLLATE utf8mb4_general_ci NOT NULL,
  `name` varchar(64) CHARACTER SET utf8mb4 COLLATE utf8mb4_general_ci NOT NULL,
  `price` decimal(10, 0) NOT NULL,
  `type` varchar(64) CHARACTER SET utf8mb4 COLLATE utf8mb4_general_ci NOT NULL,
  PRIMARY KEY (`id`) USING BTREE,
  INDEX `fk_menu_type`(`type`) USING BTREE
) ENGINE = InnoDB CHARACTER SET = utf8mb4 COLLATE = utf8mb4_general_ci ROW_FORMAT = Dynamic;

-- ----------------------------
-- Records of menu
-- ----------------------------
INSERT INTO `menu` VALUES ('8a80cb8173405a51017340a6bf020001', '剁椒鱼头', 30, '8a80cb8173405a51017340a53d2b0000');
INSERT INTO `menu` VALUES ('8a80cb8173405a51017340a72db10002', '金鱼戏莲', 40, '8a80cb8173405a51017340a53d2b0000');
INSERT INTO `menu` VALUES ('8a80cb8173405a51017340a776390003', '永州血鸭', 60, '8a80cb8173405a51017340a53d2b0000');
INSERT INTO `menu` VALUES ('8a80cb8173405a51017340a853db0004', '红烧乳鸽', 60, '1');
INSERT INTO `menu` VALUES ('8a80cb8173405a51017340a879ff0005', '白切贵妃鸡', 60, '1');
INSERT INTO `menu` VALUES ('8a80cb8173405a51017340a8b9030006', '老火靓汤', 20, '1');
INSERT INTO `menu` VALUES ('8a80cb8173405a51017340a8ede70007', '罗汉斋', 30, '1');
INSERT INTO `menu` VALUES ('8a80cb8173405a51017340a964960008', '上汤焗龙虾', 100, '1');
INSERT INTO `menu` VALUES ('8a80cb81734861ab0173487bd7930002', '培林炒菜', 123, '1');

-- ----------------------------
-- Table structure for menu_type
-- ----------------------------
DROP TABLE IF EXISTS `menu_type`;
CREATE TABLE `menu_type`  (
  `id` varchar(255) CHARACTER SET utf8mb4 COLLATE utf8mb4_general_ci NOT NULL,
  `name` varchar(255) CHARACTER SET utf8mb4 COLLATE utf8mb4_general_ci NULL DEFAULT NULL,
  PRIMARY KEY (`id`) USING BTREE
) ENGINE = InnoDB CHARACTER SET = utf8mb4 COLLATE = utf8mb4_general_ci ROW_FORMAT = Dynamic;

-- ----------------------------
-- Records of menu_type
-- ----------------------------
INSERT INTO `menu_type` VALUES ('1', '粤菜');
INSERT INTO `menu_type` VALUES ('8a80cb8173405a51017340a53d2b0000', '湘菜');
INSERT INTO `menu_type` VALUES ('8a80cb81734861ab0173488088300004', '你家的菜');

-- ----------------------------
-- Table structure for order_detail
-- ----------------------------
DROP TABLE IF EXISTS `order_detail`;
CREATE TABLE `order_detail`  (
  `id` varchar(64) CHARACTER SET utf8mb4 COLLATE utf8mb4_general_ci NOT NULL,
  `menu_id` varchar(64) CHARACTER SET utf8mb4 COLLATE utf8mb4_general_ci NOT NULL,
  `num` int(0) NOT NULL,
  `order_id` varchar(64) CHARACTER SET utf8mb4 COLLATE utf8mb4_general_ci NOT NULL,
  `sum` decimal(10, 2) NOT NULL,
  `menu_name` varchar(64) CHARACTER SET utf8mb4 COLLATE utf8mb4_general_ci NOT NULL,
  `create_time` datetime(3) NOT NULL,
  `update_time` datetime(3) NOT NULL,
  `price` decimal(10, 2) NOT NULL,
  PRIMARY KEY (`id`) USING BTREE
) ENGINE = InnoDB CHARACTER SET = utf8mb4 COLLATE = utf8mb4_general_ci ROW_FORMAT = Dynamic;

-- ----------------------------
-- Records of order_detail
-- ----------------------------
INSERT INTO `order_detail` VALUES ('2c91808573489ac00173489ff0730001', '8a80cb8173405a51017340a72db10002', 1, '2c91808573489ac00173489ff0360000', 40.00, '金鱼戏莲', '2020-07-13 14:41:48.146', '2020-07-13 14:41:48.146', 40.00);
INSERT INTO `order_detail` VALUES ('2c91808573489ac00173489ff0800002', '8a80cb8173405a51017340a776390003', 1, '2c91808573489ac00173489ff0360000', 60.00, '永州血鸭', '2020-07-13 14:41:48.159', '2020-07-13 14:41:48.159', 60.00);
INSERT INTO `order_detail` VALUES ('2c91808573489ac00173489ff08c0003', '8a80cb8173405a51017340a879ff0005', 1, '2c91808573489ac00173489ff0360000', 60.00, '白切贵妃鸡', '2020-07-13 14:41:48.172', '2020-07-13 14:41:48.172', 60.00);
INSERT INTO `order_detail` VALUES ('2c91808573489ac00173489ff09b0004', '8a80cb8173405a51017340a8b9030006', 1, '2c91808573489ac00173489ff0360000', 20.00, '老火靓汤', '2020-07-13 14:41:48.187', '2020-07-13 14:41:48.187', 20.00);
INSERT INTO `order_detail` VALUES ('2c91808573489ac0017348a207160006', '8a80cb8173405a51017340a853db0004', 1, '2c91808573489ac0017348a207050005', 60.00, '红烧乳鸽', '2020-07-13 14:44:05.014', '2020-07-13 14:44:05.014', 60.00);
INSERT INTO `order_detail` VALUES ('2c91808573489ac0017348a207260007', '8a80cb8173405a51017340a879ff0005', 1, '2c91808573489ac0017348a207050005', 60.00, '白切贵妃鸡', '2020-07-13 14:44:05.030', '2020-07-13 14:44:05.030', 60.00);
INSERT INTO `order_detail` VALUES ('2c91808573489ac0017348a2072b0008', '8a80cb8173405a51017340a8b9030006', 1, '2c91808573489ac0017348a207050005', 20.00, '老火靓汤', '2020-07-13 14:44:05.035', '2020-07-13 14:44:05.035', 20.00);
INSERT INTO `order_detail` VALUES ('8a80cb817340f923017340fb30580001', '1', 0, '8a80cb817340f923017340fb2fc20000', 10.00, '炒生菜', '2020-07-12 03:04:30.551', '2020-07-12 03:04:30.551', 10.00);
INSERT INTO `order_detail` VALUES ('8a80cb817340f923017340fb30d20002', '2', 0, '8a80cb817340f923017340fb2fc20000', 15.00, '蛋炒饭', '2020-07-12 03:04:30.674', '2020-07-12 03:04:30.674', 15.00);
INSERT INTO `order_detail` VALUES ('8a80cb817340f923017340fb31580003', '8a80cb8173405a51017340a6bf020001', 0, '8a80cb817340f923017340fb2fc20000', 30.00, '剁椒鱼头', '2020-07-12 03:04:30.808', '2020-07-12 03:04:30.808', 30.00);
INSERT INTO `order_detail` VALUES ('8a80cb817340f923017340fb31db0004', '8a80cb8173405a51017340a72db10002', 0, '8a80cb817340f923017340fb2fc20000', 0.00, '金鱼戏莲', '2020-07-12 03:04:30.939', '2020-07-12 03:04:30.939', 40.00);
INSERT INTO `order_detail` VALUES ('8a80cb817340f923017340fb325a0005', '8a80cb8173405a51017340a776390003', 0, '8a80cb817340f923017340fb2fc20000', 0.00, '永州血鸭', '2020-07-12 03:04:31.065', '2020-07-12 03:04:31.065', 60.00);
INSERT INTO `order_detail` VALUES ('8a80cb817340f923017340fb32b20006', '8a80cb8173405a51017340a853db0004', 0, '8a80cb817340f923017340fb2fc20000', 0.00, '红烧乳鸽', '2020-07-12 03:04:31.154', '2020-07-12 03:04:31.154', 60.00);
INSERT INTO `order_detail` VALUES ('8a80cb817340f923017340fb33170007', '8a80cb8173405a51017340a879ff0005', 0, '8a80cb817340f923017340fb2fc20000', 0.00, '白切贵妃鸡', '2020-07-12 03:04:31.254', '2020-07-12 03:04:31.254', 60.00);
INSERT INTO `order_detail` VALUES ('8a80cb817340f923017340fb337f0008', '8a80cb8173405a51017340a8b9030006', 0, '8a80cb817340f923017340fb2fc20000', 0.00, '老火靓汤', '2020-07-12 03:04:31.359', '2020-07-12 03:04:31.359', 20.00);
INSERT INTO `order_detail` VALUES ('8a80cb817340f923017340fb33e80009', '8a80cb8173405a51017340a8ede70007', 0, '8a80cb817340f923017340fb2fc20000', 0.00, '罗汉斋', '2020-07-12 03:04:31.464', '2020-07-12 03:04:31.464', 30.00);
INSERT INTO `order_detail` VALUES ('8a80cb817340f923017340fb345a000a', '8a80cb8173405a51017340a964960008', 0, '8a80cb817340f923017340fb2fc20000', 0.00, '上汤焗龙虾', '2020-07-12 03:04:31.578', '2020-07-12 03:04:31.578', 100.00);
INSERT INTO `order_detail` VALUES ('8a80cb817340f923017340fe142d000c', '8a80cb8173405a51017340a72db10002', 0, '8a80cb817340f923017340fe13d0000b', 40.00, '金鱼戏莲', '2020-07-12 03:07:39.949', '2020-07-12 03:07:39.949', 40.00);
INSERT INTO `order_detail` VALUES ('8a80cb817340f923017340fe148d000d', '8a80cb8173405a51017340a776390003', 0, '8a80cb817340f923017340fe13d0000b', 60.00, '永州血鸭', '2020-07-12 03:07:40.045', '2020-07-12 03:07:40.045', 60.00);
INSERT INTO `order_detail` VALUES ('8a80cb817340f923017340fe14e0000e', '8a80cb8173405a51017340a853db0004', 0, '8a80cb817340f923017340fe13d0000b', 60.00, '红烧乳鸽', '2020-07-12 03:07:40.128', '2020-07-12 03:07:40.128', 60.00);
INSERT INTO `order_detail` VALUES ('8a80cb817340f923017340fe885f0010', '1', 0, '8a80cb817340f923017340fe87d7000f', 10.00, '炒生菜', '2020-07-12 03:08:09.694', '2020-07-12 03:08:09.694', 10.00);
INSERT INTO `order_detail` VALUES ('8a80cb817340f923017340fe88bd0011', '2', 0, '8a80cb817340f923017340fe87d7000f', 15.00, '蛋炒饭', '2020-07-12 03:08:09.788', '2020-07-12 03:08:09.788', 15.00);
INSERT INTO `order_detail` VALUES ('8a80cb817340f923017340ff86470013', '1', 0, '8a80cb817340f923017340ff85ed0012', 10.00, '炒生菜', '2020-07-12 03:09:14.695', '2020-07-12 03:09:14.695', 10.00);
INSERT INTO `order_detail` VALUES ('8a80cb817340f923017340ff86970014', '2', 0, '8a80cb817340f923017340ff85ed0012', 30.00, '蛋炒饭', '2020-07-12 03:09:14.774', '2020-07-12 03:09:14.774', 15.00);
INSERT INTO `order_detail` VALUES ('8a80cb817340f9230173410081d90016', '2', 0, '8a80cb817340f9230173410081840015', 15.00, '蛋炒饭', '2020-07-12 03:10:19.097', '2020-07-12 03:10:19.097', 15.00);
INSERT INTO `order_detail` VALUES ('8a80cb817340f9230173410082320017', '8a80cb8173405a51017340a6bf020001', 0, '8a80cb817340f9230173410081840015', 30.00, '剁椒鱼头', '2020-07-12 03:10:19.186', '2020-07-12 03:10:19.186', 30.00);
INSERT INTO `order_detail` VALUES ('8a80cb817340f9230173410139fe0019', '8a80cb8173405a51017340a6bf020001', 1, '8a80cb817340f9230173410139770018', 30.00, '剁椒鱼头', '2020-07-12 03:11:06.238', '2020-07-12 03:11:06.238', 30.00);
INSERT INTO `order_detail` VALUES ('8a80cb817340f923017341013a52001a', '8a80cb8173405a51017340a72db10002', 1, '8a80cb817340f9230173410139770018', 40.00, '金鱼戏莲', '2020-07-12 03:11:06.322', '2020-07-12 03:11:06.322', 40.00);
INSERT INTO `order_detail` VALUES ('8a80cb817340f923017341013ab2001b', '8a80cb8173405a51017340a776390003', 1, '8a80cb817340f9230173410139770018', 60.00, '永州血鸭', '2020-07-12 03:11:06.418', '2020-07-12 03:11:06.418', 60.00);
INSERT INTO `order_detail` VALUES ('8a80cb8173458c1d0173458d4b020001', 'string', 0, '8a80cb8173458c1d0173458d4a650000', 0.00, 'string', '2020-07-13 00:22:34.498', '2020-07-13 00:22:34.498', 0.00);
INSERT INTO `order_detail` VALUES ('8a80cb817348826a01734882c1db0001', '8a80cb8173405a51017340a6bf020001', 1, '8a80cb817348826a01734882c14d0000', 30.00, '剁椒鱼头', '2020-07-13 14:09:55.674', '2020-07-13 14:09:55.674', 30.00);
INSERT INTO `order_detail` VALUES ('8a80cb817348826a01734882c2430002', '8a80cb8173405a51017340a72db10002', 1, '8a80cb817348826a01734882c14d0000', 40.00, '金鱼戏莲', '2020-07-13 14:09:55.779', '2020-07-13 14:09:55.779', 40.00);
INSERT INTO `order_detail` VALUES ('8a80cb817348826a01734882c2c60003', '8a80cb8173405a51017340a776390003', 1, '8a80cb817348826a01734882c14d0000', 60.00, '永州血鸭', '2020-07-13 14:09:55.910', '2020-07-13 14:09:55.910', 60.00);

-- ----------------------------
-- Table structure for orders
-- ----------------------------
DROP TABLE IF EXISTS `orders`;
CREATE TABLE `orders`  (
  `id` varchar(255) CHARACTER SET utf8mb4 COLLATE utf8mb4_general_ci NOT NULL,
  `create_time` datetime(0) NULL DEFAULT NULL,
  `status` int(0) NULL DEFAULT NULL,
  `sum` double NULL DEFAULT NULL,
  `update_time` datetime(0) NULL DEFAULT NULL,
  `user_id` varchar(255) CHARACTER SET utf8mb4 COLLATE utf8mb4_general_ci NULL DEFAULT NULL,
  PRIMARY KEY (`id`) USING BTREE
) ENGINE = InnoDB CHARACTER SET = utf8mb4 COLLATE = utf8mb4_general_ci ROW_FORMAT = Dynamic;

-- ----------------------------
-- Records of orders
-- ----------------------------
INSERT INTO `orders` VALUES ('2c91808573489ac00173489ff0360000', '2020-07-13 14:41:48', 1, 180, '2020-07-13 14:43:30', '8a80cb817340b167017340b807110001');
INSERT INTO `orders` VALUES ('2c91808573489ac0017348a207050005', '2020-07-13 14:44:05', 0, 140, '2020-07-13 14:44:05', '8a80cb817340b167017340b807110001');
INSERT INTO `orders` VALUES ('8a80cb81733e1b6801733e1c0f1d0000', '2020-07-11 13:41:33', 1, 65, '2020-07-11 13:41:57', '8a80cb817336379001733637aed10000');
INSERT INTO `orders` VALUES ('8a80cb81733e1b6801733e2113bf0003', '2020-07-11 13:47:02', 1, 20, '2020-07-12 01:21:34', '8a80cb817336379001733637aed10000');
INSERT INTO `orders` VALUES ('8a80cb81733e1b6801733e22a8b20006', '2020-07-11 13:48:46', 1, 65, '2020-07-12 01:36:22', '8a80cb817336379001733637aed10000');
INSERT INTO `orders` VALUES ('8a80cb81733e1b6801733e2817a90009', '2020-07-11 13:54:42', 1, 95, '2020-07-11 13:54:59', '8a80cb817336379001733637aed10000');
INSERT INTO `orders` VALUES ('8a80cb81733e1b6801733e2abc68000c', '2020-07-11 13:57:35', 1, 65, '2020-07-11 13:57:52', '8a80cb817336379001733637aed10000');
INSERT INTO `orders` VALUES ('8a80cb81733e1b6801733e39ccd1000f', '2020-07-11 14:14:02', 1, 20, '2020-07-11 14:14:12', '8a80cb817336379001733637aed10000');
INSERT INTO `orders` VALUES ('8a80cb8173405a51017340aa0c850009', '2020-07-12 01:35:53', 1, 175, '2020-07-12 01:36:02', '8a80cb817336379001733637aed10000');
INSERT INTO `orders` VALUES ('8a80cb817340bc1a017340bcb3230000', '2020-07-12 01:56:15', 1, 360, '2020-07-12 01:56:22', '8a80cb817340b167017340b807110001');
INSERT INTO `orders` VALUES ('8a80cb817340bc1a017340bcf92b000b', '2020-07-12 01:56:33', 1, 160, '2020-07-12 01:56:40', '8a80cb817340b167017340b807110001');
INSERT INTO `orders` VALUES ('8a80cb817340f923017340fb2fc20000', '2020-07-12 03:04:30', 1, 55, '2020-07-12 03:05:50', '8a80cb817340b167017340b807110001');
INSERT INTO `orders` VALUES ('8a80cb817340f923017340fe13d0000b', '2020-07-12 03:07:40', 1, 160, '2020-07-12 03:08:00', '8a80cb817340b167017340b807110001');
INSERT INTO `orders` VALUES ('8a80cb817340f923017340fe87d7000f', '2020-07-12 03:08:10', 1, 25, '2020-07-12 03:14:30', '8a80cb817340b167017340b807110001');
INSERT INTO `orders` VALUES ('8a80cb817340f923017340ff85ed0012', '2020-07-12 03:09:15', 1, 40, '2020-07-12 03:14:27', '8a80cb817340b167017340b807110001');
INSERT INTO `orders` VALUES ('8a80cb817340f9230173410081840015', '2020-07-12 03:10:19', 1, 45, '2020-07-12 03:14:24', '8a80cb817340b167017340b807110001');
INSERT INTO `orders` VALUES ('8a80cb817340f9230173410139770018', '2020-07-12 03:11:06', 1, 130, '2020-07-12 03:14:22', '8a80cb817340b167017340b807110001');
INSERT INTO `orders` VALUES ('8a80cb817348826a01734882c14d0000', '2020-07-13 14:09:56', 1, 130, '2020-07-13 14:10:03', '8a80cb81734861ab017348818a7d0005');

-- ----------------------------
-- Table structure for user
-- ----------------------------
DROP TABLE IF EXISTS `user`;
CREATE TABLE `user`  (
  `id` varchar(255) CHARACTER SET utf8mb4 COLLATE utf8mb4_general_ci NOT NULL,
  `password` varchar(64) CHARACTER SET utf8mb4 COLLATE utf8mb4_general_ci NOT NULL,
  `create_time` datetime(3) NOT NULL,
  `update_time` datetime(3) NOT NULL,
  `username` varchar(64) CHARACTER SET utf8mb4 COLLATE utf8mb4_general_ci NOT NULL,
  `type` tinyint(1) NOT NULL COMMENT '0为普通用户 1为管理员',
  PRIMARY KEY (`id`) USING BTREE,
  UNIQUE INDEX `un_user_username`(`username`) USING BTREE
) ENGINE = InnoDB CHARACTER SET = utf8mb4 COLLATE = utf8mb4_general_ci ROW_FORMAT = Dynamic;

-- ----------------------------
-- Records of user
-- ----------------------------
INSERT INTO `user` VALUES ('8a80cb817340b167017340b807110001', 'd35292e3753e482725bb1531bc982ec7', '2020-07-12 01:51:09.072', '2020-07-12 01:51:09.072', 'Peggy', 0);
INSERT INTO `user` VALUES ('8a80cb81734861ab017348818a7d0005', 'e10adc3949ba59abbe56e057f20f883e', '2020-07-13 14:08:35.960', '2020-07-13 14:08:35.960', 'Ikarosx', 0);

SET FOREIGN_KEY_CHECKS = 1;
